date,location,new_cases,new_deaths,total_cases,total_deaths,weekly_cases,weekly_deaths,biweekly_cases,biweekly_deaths
2/26/2020,Brazil,1,,1,,,,,
2/27/2020,Brazil,0,,1,,,,,
2/28/2020,Brazil,0,,1,,,,,
2/29/2020,Brazil,1,,2,,,,,
3/1/2020,Brazil,0,,2,,,,,
3/2/2020,Brazil,0,,2,,2,0,,
3/3/2020,Brazil,0,,2,,2,0,,
3/4/2020,Brazil,2,,4,,3,0,,
3/5/2020,Brazil,0,,4,,3,0,,
3/6/2020,Brazil,9,,13,,12,0,,
3/7/2020,Brazil,0,,13,,11,0,,
3/8/2020,Brazil,7,,20,,18,0,,
3/9/2020,Brazil,5,,25,,23,0,25,0
3/10/2020,Brazil,6,,31,,29,0,31,0
3/11/2020,Brazil,7,,38,,34,0,37,0
3/12/2020,Brazil,14,,52,,48,0,51,0
3/13/2020,Brazil,99,,151,,138,0,150,0
3/14/2020,Brazil,0,,151,,138,0,149,0
3/15/2020,Brazil,11,,162,,142,0,160,0
3/16/2020,Brazil,38,,200,,175,0,198,0
3/17/2020,Brazil,121,1,321,1,290,1,319,1
3/18/2020,Brazil,51,2,372,3,334,3,368,3
3/19/2020,Brazil,249,3,621,6,569,6,617,6
3/20/2020,Brazil,172,5,793,11,642,11,780,11
3/21/2020,Brazil,228,4,1021,15,870,15,1008,15
3/22/2020,Brazil,525,10,1546,25,1384,25,1526,25
3/23/2020,Brazil,378,9,1924,34,1724,34,1899,34
3/24/2020,Brazil,323,12,2247,46,1926,45,2216,46
3/25/2020,Brazil,307,13,2554,59,2182,56,2516,59
3/26/2020,Brazil,431,18,2985,77,2364,71,2933,77
3/27/2020,Brazil,432,15,3417,92,2624,81,3266,92
3/28/2020,Brazil,487,19,3904,111,2883,96,3753,111
3/29/2020,Brazil,352,25,4256,136,2710,111,4094,136
3/30/2020,Brazil,323,23,4579,159,2655,125,4379,159
3/31/2020,Brazil,1138,42,5717,201,3470,155,5396,200
4/1/2020,Brazil,1119,39,6836,240,4282,181,6464,237
4/2/2020,Brazil,1208,84,8044,324,5059,247,7423,318
4/3/2020,Brazil,1012,35,9056,359,5639,267,8263,348
4/4/2020,Brazil,1304,86,10360,445,6456,334,9339,430
4/5/2020,Brazil,770,41,11130,486,6874,350,9584,461
4/6/2020,Brazil,1031,78,12161,564,7582,405,10237,530
4/7/2020,Brazil,1873,122,14034,686,8317,485,11787,640
4/8/2020,Brazil,2136,133,16170,819,9334,579,13616,760
4/9/2020,Brazil,1922,131,18092,950,10048,626,15107,873
4/10/2020,Brazil,1546,107,19638,1057,10582,698,16221,965
4/11/2020,Brazil,1089,67,20727,1124,10367,679,16823,1013
4/12/2020,Brazil,1465,99,22192,1223,11062,737,17936,1087
4/13/2020,Brazil,1238,105,23430,1328,11269,764,18851,1169
4/14/2020,Brazil,1832,204,25262,1532,11228,846,19545,1331
4/15/2020,Brazil,3058,204,28320,1736,12150,917,21484,1496
4/16/2020,Brazil,2105,188,30425,1924,12333,974,22381,1600
4/17/2020,Brazil,3257,217,33682,2141,14044,1084,24626,1782
4/18/2020,Brazil,2976,213,36658,2354,15931,1230,26298,1909
4/19/2020,Brazil,1996,108,38654,2462,16462,1239,27524,1976
4/20/2020,Brazil,2089,125,40743,2587,17313,1259,28582,2023
4/21/2020,Brazil,2336,154,43079,2741,17817,1209,29045,2055
4/22/2020,Brazil,2678,165,45757,2906,17437,1170,29587,2087
4/23/2020,Brazil,4279,425,50036,3331,19611,1407,31944,2381
4/24/2020,Brazil,4007,373,54043,3704,20361,1563,34405,2647
4/25/2020,Brazil,5281,353,59324,4057,22666,1703,38597,2933
4/26/2020,Brazil,3776,229,63100,4286,24446,1824,40908,3063
4/27/2020,Brazil,4346,317,67446,4603,26703,2016,44016,3275
4/28/2020,Brazil,5789,480,73235,5083,30156,2342,47973,3551
4/29/2020,Brazil,6450,430,79685,5513,33928,2607,51365,3777
4/30/2020,Brazil,7502,493,87187,6006,37151,2675,56762,4082
5/1/2020,Brazil,5015,406,92202,6412,38159,2708,58520,4271
5/2/2020,Brazil,4898,349,97100,6761,37776,2704,60442,4407
5/3/2020,Brazil,4726,290,101826,7051,38726,2765,63172,4589
5/4/2020,Brazil,6794,316,108620,7367,41174,2764,67877,4780
5/5/2020,Brazil,6835,571,115455,7938,42220,2855,72376,5197
5/6/2020,Brazil,11156,650,126611,8588,46926,3075,80854,5682
5/7/2020,Brazil,9162,602,135773,9190,48586,3184,85737,5859
5/8/2020,Brazil,11121,827,146894,10017,54692,3605,92851,6313
5/9/2020,Brazil,9167,639,156061,10656,58961,3895,96737,6599
5/10/2020,Brazil,6638,467,162699,11123,60873,4072,99599,6837
5/11/2020,Brazil,6895,530,169594,11653,60974,4286,102148,7050
5/12/2020,Brazil,8620,808,178214,12461,62759,4523,104979,7378
5/13/2020,Brazil,11923,779,190137,13240,63526,4652,110452,7727
5/14/2020,Brazil,13028,759,203165,13999,67392,4809,115978,7993
5/15/2020,Brazil,17126,963,220291,14962,73397,4945,128089,8550
5/16/2020,Brazil,13220,700,233511,15662,77450,5006,136411,8901
5/17/2020,Brazil,7569,456,241080,16118,78381,4995,139254,9067
5/18/2020,Brazil,14288,735,255368,16853,85774,5200,146748,9486
5/19/2020,Brazil,16517,1130,271885,17983,93671,5522,156430,10045
5/20/2020,Brazil,19694,876,291579,18859,101442,5619,164968,10271
5/21/2020,Brazil,18508,1188,310087,20047,106922,6048,174314,10857
5/22/2020,Brazil,20803,1001,330890,21048,110599,6086,183996,11031
5/23/2020,Brazil,16508,965,347398,22013,113887,6351,191337,11357
5/24/2020,Brazil,15813,653,363211,22666,122131,6548,200512,11543
5/25/2020,Brazil,11687,807,374898,23473,119530,6620,205304,11820
5/26/2020,Brazil,16324,1039,391222,24512,119337,6529,213008,12051
5/27/2020,Brazil,20599,1086,411821,25598,120242,6739,221684,12358
5/28/2020,Brazil,26417,1156,438238,26754,128151,6707,235073,12755
5/29/2020,Brazil,26928,1124,465166,27878,134276,6830,244875,12916
5/30/2020,Brazil,33274,956,498440,28834,151042,6821,264929,13172
5/31/2020,Brazil,16409,480,514849,29314,151638,6648,273769,13196
6/1/2020,Brazil,11598,623,526447,29937,151549,6464,271079,13084
6/2/2020,Brazil,28936,1262,555383,31199,164161,6687,283498,13216
6/3/2020,Brazil,28633,1349,584016,32548,172195,6950,292437,13689
6/4/2020,Brazil,30925,1473,614941,34021,176703,7267,304854,13974
6/5/2020,Brazil,30830,1005,645771,35026,180605,7148,314881,13978
6/6/2020,Brazil,27075,904,672846,35930,174406,7096,325448,13917
6/7/2020,Brazil,18912,525,691758,36455,176909,7141,328547,13789
6/8/2020,Brazil,15654,679,707412,37134,180965,7197,332514,13661
6/9/2020,Brazil,32091,1272,739503,38406,184120,7207,348281,13894
6/10/2020,Brazil,32913,1274,772416,39680,188400,7132,360595,14082
6/11/2020,Brazil,30412,1239,802828,40919,187887,6898,364590,14165
6/12/2020,Brazil,25982,909,828810,41828,183039,6802,363644,13950
6/13/2020,Brazil,21704,892,850514,42720,177668,6790,352074,13886
6/14/2020,Brazil,17110,612,867624,43332,175866,6877,352775,14018
6/15/2020,Brazil,20647,627,888271,43959,180859,6825,361824,14022
6/16/2020,Brazil,34918,1282,923189,45241,183686,6835,367806,14042
6/17/2020,Brazil,32188,1269,955377,46510,182961,6830,371361,13962
6/18/2020,Brazil,22765,1238,978142,47748,175314,6829,363201,13727
6/19/2020,Brazil,54771,1206,1032913,48954,204103,7126,387142,13928
6/20/2020,Brazil,34666,1022,1067579,49976,217065,7256,394733,14046
6/21/2020,Brazil,15762,615,1083341,50591,215717,7259,391583,14136
6/22/2020,Brazil,23129,680,1106470,51271,218199,7312,399058,14137
6/23/2020,Brazil,39436,1374,1145906,52645,222717,7404,406403,14239
6/24/2020,Brazil,42725,1185,1188631,53830,233254,7320,416215,14150
6/25/2020,Brazil,39483,1141,1228114,54971,249972,7223,425286,14052
6/26/2020,Brazil,46860,990,1274974,55961,242061,7007,446164,14133
6/27/2020,Brazil,38693,1109,1313667,57070,246088,7094,463153,14350
6/28/2020,Brazil,30476,552,1344143,57622,260802,7031,476519,14290
6/29/2020,Brazil,24052,692,1368195,58314,261725,7043,479924,14355
6/30/2020,Brazil,33846,1280,1402041,59594,256135,6949,478852,14353
7/1/2020,Brazil,46712,1038,1448753,60632,260122,6802,493376,14122
7/2/2020,Brazil,48105,1252,1496858,61884,268744,6913,518716,14136
7/3/2020,Brazil,42223,1290,1539081,63174,264107,7213,506168,14220
7/4/2020,Brazil,37923,1091,1577004,64265,263337,7195,509425,14289
7/5/2020,Brazil,26051,602,1603055,64867,258912,7245,519714,14276
7/6/2020,Brazil,20229,620,1623284,65487,255089,7173,516814,14216
7/7/2020,Brazil,45305,1254,1668589,66741,266548,7147,522683,14096
7/8/2020,Brazil,44571,1223,1713160,67964,264407,7332,524529,14134
7/9/2020,Brazil,42619,1220,1755779,69184,258921,7300,527665,14213
7/10/2020,Brazil,45048,1214,1800827,70398,261746,7224,525853,14437
7/11/2020,Brazil,39023,1071,1839850,71469,262846,7204,526183,14399
7/12/2020,Brazil,24831,631,1864681,72100,261626,7233,520538,14478
7/13/2020,Brazil,20286,733,1884967,72833,261683,7346,516772,14519
7/14/2020,Brazil,41857,1300,1926824,74133,258235,7392,524783,14539
7/15/2020,Brazil,39924,1233,1966748,75366,253588,7402,517995,14734
7/16/2020,Brazil,45403,1322,2012151,76688,256372,7504,515293,14804
7/17/2020,Brazil,34177,1163,2046328,77851,245501,7453,507247,14677
7/18/2020,Brazil,28532,921,2074860,78772,235010,7303,497856,14507
7/19/2020,Brazil,23529,716,2098389,79488,233708,7388,495334,14621
7/20/2020,Brazil,20257,632,2118646,80120,233679,7287,495362,14633
7/21/2020,Brazil,41008,1367,2159654,81487,232830,7354,491065,14746
7/22/2020,Brazil,67860,1284,2227514,82771,260766,7405,514354,14807
7/23/2020,Brazil,59961,1311,2287475,84082,275324,7394,531696,14898
7/24/2020,Brazil,55891,1156,2343366,85238,297038,7387,542539,14840
7/25/2020,Brazil,51147,1211,2394513,86449,319653,7677,554663,14980
7/26/2020,Brazil,24578,555,2419091,87004,320702,7516,554410,14904
7/27/2020,Brazil,23284,614,2442375,87618,323729,7498,557408,14785
7/28/2020,Brazil,40816,921,2483191,88539,323537,7052,556367,14406
7/29/2020,Brazil,69074,1595,2552265,90134,324751,7363,585517,14768
7/30/2020,Brazil,57837,1129,2610102,91263,322627,7181,597951,14575
7/31/2020,Brazil,52383,1212,2662485,92475,319119,7237,616157,14624
8/1/2020,Brazil,45392,1088,2707877,93563,313364,7114,633017,14791
8/2/2020,Brazil,25800,541,2733677,94104,314586,7100,635288,14616
8/3/2020,Brazil,16641,561,2750318,94665,307943,7047,631672,14545
8/4/2020,Brazil,51603,1154,2801921,95819,318730,7280,642267,14332
8/5/2020,Brazil,57152,1437,2859073,97256,306808,7122,631559,14485
8/6/2020,Brazil,53139,1237,2912212,98493,302110,7230,624737,14411
8/7/2020,Brazil,50230,1079,2962442,99572,299957,7097,619076,14334
8/8/2020,Brazil,49970,905,3012412,100477,304535,6914,617899,14028
8/9/2020,Brazil,23010,572,3035422,101049,301745,6945,616331,14045
8/10/2020,Brazil,22048,703,3057470,101752,307152,7087,615095,14134
8/11/2020,Brazil,52160,1274,3109630,103026,307709,7207,626439,14487
8/12/2020,Brazil,55155,1175,3164785,104201,305712,6945,612520,14067
8/13/2020,Brazil,60091,1262,3224876,105463,312664,6970,614774,14200
8/14/2020,Brazil,50644,1060,3275520,106523,313078,6951,613035,14048
8/15/2020,Brazil,41576,709,3317096,107232,304684,6755,609219,13669
8/16/2020,Brazil,23101,620,3340197,107852,304775,6803,606520,13748
8/17/2020,Brazil,19373,684,3359570,108536,302100,6784,609252,13871
8/18/2020,Brazil,47784,1352,3407354,109888,297724,6862,605433,14069
8/19/2020,Brazil,49298,1212,3456652,111100,291867,6899,597579,13844
8/20/2020,Brazil,45323,1204,3501975,112304,277099,6841,589763,13811
8/21/2020,Brazil,30355,1054,3532330,113358,256810,6835,569888,13786
8/22/2020,Brazil,50032,892,3582362,114250,265266,7018,569950,13773
8/23/2020,Brazil,23421,494,3605783,114744,265586,6892,570361,13695
8/24/2020,Brazil,17078,565,3622861,115309,263291,6773,565391,13557
8/25/2020,Brazil,47134,1271,3669995,116580,262641,6692,560365,13554
8/26/2020,Brazil,47161,1085,3717156,117665,260504,6565,552371,13464
8/27/2020,Brazil,44235,984,3761391,118649,259416,6345,536515,13186
8/28/2020,Brazil,43412,855,3804803,119504,272473,6146,529283,12981
8/29/2020,Brazil,41350,758,3846153,120262,263791,6012,529057,13030
8/30/2020,Brazil,16158,566,3862311,120828,256528,6084,522114,12976
8/31/2020,Brazil,45961,553,3908272,121381,285411,6072,548702,12845
9/1/2020,Brazil,42659,1215,3950931,122596,280936,6016,543577,12708
9/2/2020,Brazil,46934,1184,3997865,123780,280709,6115,541213,12680
9/3/2020,Brazil,43773,834,4041638,124614,280247,5965,539663,12310
9/4/2020,Brazil,50163,888,4091801,125502,286998,5998,559471,12144
9/5/2020,Brazil,31199,701,4123000,126203,276847,5941,540638,11953
9/6/2020,Brazil,14521,447,4137521,126650,275210,5822,531738,11906
9/7/2020,Brazil,10273,310,4147794,126960,239522,5579,524933,11651
9/8/2020,Brazil,14279,504,4162073,127464,211142,4868,492078,10884
9/9/2020,Brazil,35816,1075,4197889,128539,200024,4759,480733,10874
9/10/2020,Brazil,40557,983,4238446,129522,196808,4908,477055,10873
9/11/2020,Brazil,43718,874,4282164,130396,190363,4894,477361,10892
9/12/2020,Brazil,33523,814,4315687,131210,192687,5007,469534,10948
9/13/2020,Brazil,14768,415,4330455,131625,192934,4975,468144,10797
9/14/2020,Brazil,15155,381,4345610,132006,197816,5046,437338,10625
9/15/2020,Brazil,36653,1113,4382263,133119,220190,5655,431332,10523
9/16/2020,Brazil,36820,987,4419083,134106,221194,5567,421218,10326
9/17/2020,Brazil,36303,829,4455386,134935,216940,5413,413748,10321
9/18/2020,Brazil,39797,858,4495183,135793,213019,5397,403382,10291
9/19/2020,Brazil,33057,739,4528240,136532,212553,5322,405240,10329
9/20/2020,Brazil,16389,363,4544629,136895,214174,5270,407108,10245
9/21/2020,Brazil,13411,377,4558040,137272,212430,5266,410246,10312
9/22/2020,Brazil,33324,833,4591364,138105,209101,4986,429291,10641
9/23/2020,Brazil,0,0,4591364,138105,172281,3999,393475,9566
9/24/2020,Brazil,66338,1703,4657702,139808,202316,4873,419256,10286
9/25/2020,Brazil,31911,729,4689613,140537,194430,4744,407449,10141
9/26/2020,Brazil,28378,869,4717991,141406,189751,4874,402304,10196
9/27/2020,Brazil,14318,335,4732309,141741,187680,4846,401854,10116
9/28/2020,Brazil,13155,317,4745464,142058,187424,4786,399854,10052
9/29/2020,Brazil,32058,863,4777522,142921,186158,4816,395259,9802
9/30/2020,Brazil,33413,1031,4810935,143952,219571,5847,391852,9846
10/1/2020,Brazil,36157,728,4847092,144680,189390,4872,391706,9745
10/2/2020,Brazil,0,0,4847092,144680,157479,4143,351909,8887
10/3/2020,Brazil,59741,1307,4906833,145987,188842,4581,378593,9455
10/4/2020,Brazil,8456,365,4915289,146352,182980,4611,370660,9457
10/5/2020,Brazil,11946,323,4927235,146675,181771,4617,369195,9403
10/6/2020,Brazil,41906,819,4969141,147494,191619,4573,377777,9389
10/7/2020,Brazil,31553,734,5000694,148228,189759,4276,409330,10123
10/8/2020,Brazil,27750,729,5028444,148957,181352,4277,370742,9149
10/9/2020,Brazil,27444,682,5055888,149639,208796,4959,366275,9102
10/10/2020,Brazil,26749,559,5082637,150198,175804,4211,364646,8792
10/11/2020,Brazil,12342,290,5094979,150488,179690,4136,362670,8747
10/12/2020,Brazil,8429,201,5103408,150689,176173,4014,357944,8631
10/13/2020,Brazil,10220,309,5113628,150998,144487,3504,336106,8077
10/14/2020,Brazil,27235,749,5140863,151747,140169,3519,329928,7795
10/15/2020,Brazil,28523,713,5169386,152460,140942,3503,322294,7780
10/16/2020,Brazil,30914,754,5200300,153214,144412,3575,353208,8534
10/17/2020,Brazil,24062,461,5224362,153675,141725,3477,317529,7688
10/18/2020,Brazil,0,0,5224362,153675,129383,3187,309073,7323
10/19/2020,Brazil,26365,501,5250727,154176,147319,3487,323492,7501
10/20/2020,Brazil,23227,661,5273954,154837,160326,3839,304813,7343
10/21/2020,Brazil,24818,566,5298772,155403,157909,3656,298078,7175
10/22/2020,Brazil,24858,497,5323630,155900,154244,3440,295186,6943
10/23/2020,Brazil,30026,571,5353656,156471,153356,3257,297768,6832
10/24/2020,Brazil,26979,432,5380635,156903,156273,3228,297998,6705
10/25/2020,Brazil,13493,231,5394128,157134,169766,3459,299149,6646
10/26/2020,Brazil,15726,263,5409854,157397,159127,3221,306446,6708
10/27/2020,Brazil,29787,549,5439641,157946,165687,3109,326013,6948
10/28/2020,Brazil,28629,510,5468270,158456,169498,3053,327407,6709
10/29/2020,Brazil,26106,513,5494376,158969,170746,3069,324990,6509
10/30/2020,Brazil,22282,508,5516658,159477,163002,3006,316358,6263
10/31/2020,Brazil,18947,407,5535605,159884,154970,2981,311243,6209
11/1/2020,Brazil,10100,190,5545705,160074,151577,2940,321343,6399
11/2/2020,Brazil,8501,179,5554206,160253,144352,2856,303479,6077
11/3/2020,Brazil,11843,243,5566049,160496,126408,2550,292095,5659
11/4/2020,Brazil,23976,610,5590025,161106,121755,2650,291253,5703
11/5/2020,Brazil,0,0,5590025,161106,95649,2137,266395,5206
11/6/2020,Brazil,41156,909,5631181,162015,114523,2538,277525,5544
11/7/2020,Brazil,22380,254,5653561,162269,117956,2385,272926,5366
11/8/2020,Brazil,10554,128,5664115,162397,118410,2323,269987,5263
11/9/2020,Brazil,10917,231,5675032,162628,120826,2375,265178,5231
11/10/2020,Brazil,23973,174,5699005,162802,132956,2306,259364,4856
11/11/2020,Brazil,48655,566,5747660,163368,157635,2262,279390,4912
11/12/2020,Brazil,33922,913,5781582,164281,191557,3175,287206,5312
11/13/2020,Brazil,29070,456,5810652,164737,179471,2722,293994,5260
11/14/2020,Brazil,38307,921,5848959,165658,195398,3389,313354,5774
11/15/2020,Brazil,14134,140,5863093,165798,198978,3401,317388,5724
11/16/2020,Brazil,13371,216,5876464,166014,201432,3386,322258,5761
11/17/2020,Brazil,35294,685,5911758,166699,212753,3897,345709,6203
11/18/2020,Brazil,34091,756,5945849,167455,198189,4087,355824,6349
11/19/2020,Brazil,35918,606,5981767,168061,200185,3780,391742,6955
11/20/2020,Brazil,38397,552,6020164,168613,209512,3876,388983,6598
11/21/2020,Brazil,32622,376,6052786,168989,203827,3331,399225,6720
11/22/2020,Brazil,18615,194,6071401,169183,208308,3385,407286,6786
11/23/2020,Brazil,16207,302,6087608,169485,211144,3471,412576,6857
11/24/2020,Brazil,31100,630,6118708,170115,206950,3416,419703,7313
11/25/2020,Brazil,47898,654,6166606,170769,220757,3314,418946,7401
11/26/2020,Brazil,37614,691,6204220,171460,222453,3399,422638,7179
11/27/2020,Brazil,34130,514,6238350,171974,218186,3361,427698,7237
11/28/2020,Brazil,51922,587,6290272,172561,237486,3572,441313,6903
11/29/2020,Brazil,24468,272,6314740,172833,243339,3650,451647,7035
11/30/2020,Brazil,21138,287,6335878,173120,248270,3635,459414,7106
12/1/2020,Brazil,50909,697,6386787,173817,268079,3702,475029,7118
12/2/2020,Brazil,49863,698,6436650,174515,270044,3746,490801,7060
12/3/2020,Brazil,50434,755,6487084,175270,282864,3810,505317,7209
12/4/2020,Brazil,46884,694,6533968,175964,295618,3990,513804,7351
12/5/2020,Brazil,43209,664,6577177,176628,286905,4067,524391,7639
12/6/2020,Brazil,26363,313,6603540,176941,288800,4108,532139,7758
12/7/2020,Brazil,20371,376,6623911,177317,288033,4197,536303,7832
12/8/2020,Brazil,51088,842,6674999,178159,288212,4342,556291,8044
12/9/2020,Brazil,53453,836,6728452,178995,291802,4480,561846,8226
12/10/2020,Brazil,53347,770,6781799,179765,294715,4495,577579,8305
12/11/2020,Brazil,54428,672,6836227,180437,302259,4473,597877,8463
12/12/2020,Brazil,43900,686,6880127,181123,302950,4495,589855,8562
12/13/2020,Brazil,21825,279,6901952,181402,298412,4461,587212,8569
12/14/2020,Brazil,25193,433,6927145,181835,303234,4518,591267,8715
12/15/2020,Brazil,42889,964,6970034,182799,295035,4640,583247,8982
12/16/2020,Brazil,70574,936,7040608,183735,312156,4740,603958,9220
12/17/2020,Brazil,69826,1092,7110434,184827,328635,5062,623350,9557
12/18/2020,Brazil,52544,823,7162978,185650,326751,5213,629010,9686
12/19/2020,Brazil,50177,706,7213155,186356,333028,5233,635978,9728
12/20/2020,Brazil,25445,408,7238600,186764,336648,5362,635060,9823
12/21/2020,Brazil,25019,527,7263619,187291,336474,5456,639708,9974
12/22/2020,Brazil,55202,968,7318821,188259,348787,5460,643822,10100
12/23/2020,Brazil,46696,961,7365517,189220,324909,5485,637065,10225
12/24/2020,Brazil,58428,762,7423945,189982,313511,5155,642146,10217
12/25/2020,Brazil,24615,506,7448560,190488,285582,4838,612333,10051
12/26/2020,Brazil,17246,307,7465806,190795,252651,4439,585679,9672
12/27/2020,Brazil,18479,344,7484285,191139,245685,4375,582333,9737
12/28/2020,Brazil,20548,431,7504833,191570,241214,4279,577688,9735
12/29/2020,Brazil,58718,1111,7563551,192681,244730,4422,593517,9882
12/30/2020,Brazil,55649,1194,7619200,193875,253683,4655,578592,10140
12/31/2020,Brazil,56773,1074,7675973,194949,252028,4967,565539,10122
1/1/2021,Brazil,24605,462,7700578,195411,252018,4923,537600,9761
1/2/2021,Brazil,15827,314,7716405,195725,250599,4930,503250,9369
1/3/2021,Brazil,17341,293,7733746,196018,249461,4879,495146,9254
1/4/2021,Brazil,20006,543,7753752,196561,248919,4991,490133,9270
1/5/2021,Brazil,56648,1171,7810400,197732,246849,5051,491579,9473
1/6/2021,Brazil,63430,1242,7873830,198974,254630,5099,508313,9754
1/7/2021,Brazil,87843,1524,7961673,200498,285700,5549,537728,10516
1/8/2021,Brazil,52035,962,8013708,201460,313130,6049,565148,10972
1/9/2021,Brazil,62290,1171,8075998,202631,359593,6906,610192,11836
1/10/2021,Brazil,29792,469,8105790,203100,372044,7082,621505,11961
1/11/2021,Brazil,25822,480,8131612,203580,377860,7019,626779,12010
1/12/2021,Brazil,64025,1110,8195637,204690,385237,6958,632086,12009
1/13/2021,Brazil,60899,1274,8256536,205964,382706,6990,637336,12089
1/14/2021,Brazil,67758,1131,8324294,207095,362621,6597,648321,12146
1/15/2021,Brazil,69198,1151,8393492,208246,379784,6786,692914,12835
1/16/2021,Brazil,61567,1050,8455059,209296,379061,6665,738654,13571
1/17/2021,Brazil,33040,551,8488099,209847,382309,6747,754353,13829
1/18/2021,Brazil,23671,452,8511770,210299,380158,6719,758018,13738
1/19/2021,Brazil,62094,1192,8573864,211491,378227,6801,763464,13759
1/20/2021,Brazil,64385,1340,8638249,212831,381713,6867,764419,13857
1/21/2021,Brazil,59119,1316,8697368,214147,373074,7052,735695,13649
1/22/2021,Brazil,56552,1096,8753920,215243,360428,6997,740212,13783
1/23/2021,Brazil,62334,1202,8816254,216445,361195,7149,740256,13814
1/24/2021,Brazil,28323,592,8844577,217037,356478,7190,738787,13937
1/25/2021,Brazil,26816,627,8871393,217664,359623,7365,739781,14084
1/26/2021,Brazil,61963,1214,8933356,218878,359492,7387,737719,14188
1/27/2021,Brazil,63520,1283,8996876,220161,358627,7330,740340,14197
1/28/2021,Brazil,61811,1386,9058687,221547,361319,7400,734393,14452
1/29/2021,Brazil,59826,1119,9118513,222666,364593,7423,725021,14420
1/30/2021,Brazil,58462,1279,9176975,223945,360721,7500,721916,14649
1/31/2021,Brazil,27756,559,9204731,224504,360154,7467,716632,14657
2/1/2021,Brazil,24591,595,9229322,225099,357929,7435,717552,14800
2/2/2021,Brazil,54096,1210,9283418,226309,350062,7431,709554,14818
2/3/2021,Brazil,56002,1254,9339420,227563,342544,7402,701171,14732
2/4/2021,Brazil,56873,1232,9396293,228795,337606,7248,698925,14648
2/5/2021,Brazil,50872,1239,9447165,230034,328652,7368,693245,14791
2/6/2021,Brazil,0,0,9447165,230034,270190,6089,630911,13589
2/7/2021,Brazil,77475,1500,9524640,231534,319909,7030,680063,14497
2/8/2021,Brazil,0,0,9524640,231534,295318,6435,653247,13870
2/9/2021,Brazil,74925,1986,9599565,233520,316147,7211,666209,14642
2/10/2021,Brazil,59602,1330,9659167,234850,319747,7287,662291,14689
2/11/2021,Brazil,54742,1351,9713909,236201,317616,7406,655222,14654
2/12/2021,Brazil,51546,1288,9765455,237489,318290,7455,646942,14823
2/13/2021,Brazil,44299,1043,9809754,238532,362589,8498,632779,14587
2/14/2021,Brazil,24759,713,9834513,239245,309873,7711,629782,14741
2/15/2021,Brazil,32197,528,9866710,239773,342070,8239,637388,14674
2/16/2021,Brazil,55271,1167,9921981,240940,322416,7420,638563,14631
2/17/2021,Brazil,56766,1150,9978747,242090,319580,7240,639327,14527
2/18/2021,Brazil,51879,1367,10030626,243457,316717,7256,634333,14662
2/19/2021,Brazil,53582,1280,10084208,244737,318753,7248,637043,14703
2/20/2021,Brazil,54940,1240,10139148,245977,329394,7445,691983,15943
2/21/2021,Brazil,29026,527,10168174,246504,333661,7259,643534,14970
2/22/2021,Brazil,26986,639,10195160,247143,328450,7370,670520,15609
2/23/2021,Brazil,62715,1386,10257875,248529,335894,7589,658310,15009
2/24/2021,Brazil,66588,1428,10324463,249957,345716,7867,665296,15107
2/25/2021,Brazil,65998,1541,10390461,251498,359835,8041,676552,15297
2/26/2021,Brazil,65169,1337,10455630,252835,371422,8098,690175,15346
2/27/2021,Brazil,61602,1386,10517232,254221,378084,8244,707478,15689
2/28/2021,Brazil,34027,721,10551259,254942,383085,8438,716746,15697
3/1/2021,Brazil,35742,778,10587001,255720,391841,8577,720291,15947
3/2/2021,Brazil,59925,1641,10646926,257361,389051,8832,724945,16421
3/3/2021,Brazil,71704,1910,10718630,259271,394167,9314,739883,17181
3/4/2021,Brazil,75102,1699,10793732,260970,403271,9472,763106,17513
3/5/2021,Brazil,75495,1800,10869227,262770,413597,9935,785019,18033
3/6/2021,Brazil,69609,1555,10938836,264325,421604,10104,799688,18348
3/7/2021,Brazil,80508,1086,11019344,265411,468085,10469,851170,18907
3/8/2021,Brazil,32321,987,11051665,266398,464664,10678,856505,19255
3/9/2021,Brazil,70764,1972,11122429,268370,475503,11009,864554,19841
3/10/2021,Brazil,79876,2286,11202305,270656,483675,11385,877842,20699
3/11/2021,Brazil,75412,2233,11277717,272889,483985,11919,887256,21391
3/12/2021,Brazil,85663,2216,11363380,275105,494153,12335,907750,22270
3/13/2021,Brazil,76178,1997,11439558,277102,500722,12777,922326,22881
3/14/2021,Brazil,43812,1127,11483370,278229,464026,12818,932111,23287
3/15/2021,Brazil,36239,1057,11519609,279286,467944,12888,932608,23566
3/16/2021,Brazil,83926,2841,11603535,282127,481106,13757,956609,24766
3/17/2021,Brazil,90303,2648,11693838,284775,491533,14119,975208,25504
3/18/2021,Brazil,86982,2724,11780820,287499,503103,14610,987088,26529
3/19/2021,Brazil,90570,2815,11871390,290314,508010,15209,1002163,27544
3/20/2021,Brazil,79069,2438,11950459,292752,510901,15650,1011623,28427
3/21/2021,Brazil,47774,1290,11998233,294042,514863,15813,978889,28631
3/22/2021,Brazil,49293,1383,12047526,295425,527917,16139,995861,29027
3/23/2021,Brazil,82493,3251,12130019,298676,526484,16549,1007590,30306
3/24/2021,Brazil,89992,2009,12220011,300685,526173,15910,1017706,30029
3/25/2021,Brazil,100158,2777,12320169,303462,539349,15963,1042452,30573
3/26/2021,Brazil,84245,3650,12404414,307112,533024,16798,1041034,32007
3/27/2021,Brazil,85948,3438,12490362,310550,539903,17798,1050804,33448
3/28/2021,Brazil,44326,1656,12534688,312206,536455,18164,1051318,33977
3/29/2021,Brazil,38927,1660,12573615,313866,526089,18441,1054006,34580
3/30/2021,Brazil,84494,3780,12658109,317646,528090,18970,1054574,35519
3/31/2021,Brazil,90638,3869,12748747,321515,528736,20830,1054909,36740
4/1/2021,Brazil,91097,3769,12839844,325284,519675,21822,1059024,37785
4/2/2021,Brazil,70238,2922,12910082,328206,505668,21094,1038692,37892
4/3/2021,Brazil,43515,1987,12953597,330193,463235,19643,1003138,37441
4/4/2021,Brazil,31359,1240,12984956,331433,450268,19227,986723,37391
4/5/2021,Brazil,28645,1319,13013601,332752,439986,18886,966075,37327
4/6/2021,Brazil,86979,4195,13100580,336947,442471,19301,970561,38271
4/7/2021,Brazil,92625,3829,13193205,340776,444458,19261,973194,40091
4/8/2021,Brazil,86652,4249,13279857,345025,440013,19741,959688,41563
4/9/2021,Brazil,93317,3693,13373174,348718,463092,20512,968760,41606
4/10/2021,Brazil,71832,2616,13445006,351334,491409,21141,954644,40784
4/11/2021,Brazil,37017,1803,13482023,353137,497067,21704,947335,40931
4/12/2021,Brazil,35785,1480,13517808,354617,504207,21865,944193,40751
4/13/2021,Brazil,82186,3808,13599994,358425,499414,21478,941885,40779
4/14/2021,Brazil,73513,3459,13673507,361884,480302,21108,924760,40369
4/15/2021,Brazil,73174,3560,13746681,365444,466824,20419,906837,40160
4/16/2021,Brazil,85774,3305,13832455,368749,459281,20031,922373,40543
4/17/2021,Brazil,67636,2929,13900091,371678,455085,20344,946494,41485
4/18/2021,Brazil,42980,1657,13943071,373335,461048,20198,958115,41902
4/19/2021,Brazil,30624,1347,13973695,374682,455887,20065,960094,41930
4/20/2021,Brazil,69381,3321,14043076,378003,443082,19578,942496,41056
4/21/2021,Brazil,79719,3472,14122795,381475,449288,19591,929590,40699
4/22/2021,Brazil,45178,2027,14167973,383502,421292,18058,888116,38477
4/23/2021,Brazil,69105,2914,14237078,386416,404623,17667,863904,37698
4/24/2021,Brazil,71137,3076,14308215,389492,408124,17814,863209,38158
4/25/2021,Brazil,32572,1305,14340787,390797,397716,17462,858764,37660
4/26/2021,Brazil,28636,1139,14369423,391936,395728,17254,851615,37319
4/27/2021,Brazil,72140,3086,14441563,395022,398487,17019,841569,36597
4/28/2021,Brazil,79726,3163,14521289,398185,398494,16710,847782,36301
4/29/2021,Brazil,69389,3001,14590678,401186,422705,17684,843997,35742
4/30/2021,Brazil,68333,2595,14659011,403781,421933,17365,826556,35032
5/1/2021,Brazil,66964,2656,14725975,406437,417760,16945,825884,34759
5/2/2021,Brazil,28935,1202,14754910,407639,414123,16842,811839,34304
5/3/2021,Brazil,24619,983,14779529,408622,410106,16686,805834,33940
5/4/2021,Brazil,77359,2966,14856888,411588,415325,16566,813812,33585
5/5/2021,Brazil,73295,2811,14930183,414399,408894,16214,807388,32924
5/6/2021,Brazil,73380,2550,15003563,416949,412885,15763,835590,33447
5/7/2021,Brazil,78886,2165,15082449,419114,423438,15333,845371,32698
5/8/2021,Brazil,63430,2202,15145879,421316,419904,14879,837664,31824
5/9/2021,Brazil,38911,1024,15184790,422340,429880,14701,844003,31543
5/10/2021,Brazil,25200,889,15209990,423229,430461,14607,840567,31293
5/11/2021,Brazil,72715,2311,15282705,425540,425817,13952,841142,30518
5/12/2021,Brazil,76692,2494,15359397,428034,429214,13635,838108,29849
5/13/2021,Brazil,74592,2383,15433989,430417,430426,13468,843311,29231
5/14/2021,Brazil,85536,2211,15519525,432628,437076,13514,860514,28847
5/15/2021,Brazil,67009,2087,15586534,434715,440655,13399,860559,28278
5/16/2021,Brazil,40709,1036,15627243,435751,442453,13411,872333,28112
5/17/2021,Brazil,30148,786,15657391,436537,447401,13308,877862,27915
5/18/2021,Brazil,75445,2513,15732836,439050,450131,13510,875948,27462
5/19/2021,Brazil,79219,2641,15812055,441691,452658,13657,881872,27292
5/20/2021,Brazil,82039,2403,15894094,444094,460105,13677,890531,27145
5/21/2021,Brazil,76855,2215,15970949,446309,451424,13681,888500,27195
5/22/2021,Brazil,76490,1899,16047439,448208,460905,13493,901560,26892
5/23/2021,Brazil,35819,860,16083258,449068,456015,13317,898468,26728
5/24/2021,Brazil,37498,790,16120756,449858,463365,13321,910766,26629
5/25/2021,Brazil,73453,2173,16194209,452031,461373,12981,911504,26491
5/26/2021,Brazil,80486,2398,16274695,454429,462640,12738,915298,26395
5/27/2021,Brazil,67467,2245,16342162,456674,448068,12580,908173,26257
5/28/2021,Brazil,49768,2371,16391930,459045,420981,12736,872405,26417
5/29/2021,Brazil,79670,2012,16471600,461057,424161,12849,885066,26342
5/30/2021,Brazil,43520,874,16515120,461931,431862,12863,887877,26180
5/31/2021,Brazil,30434,860,16545554,462791,424798,12933,888163,26254
6/1/2021,Brazil,78926,2408,16624480,465199,430271,13168,891644,26149
